Proname,Position,Team,Country,Tier
FollowTactical,ADC,Team Liquid,North America,Challenger
FollowCoreJJ,Support,Team Liquid,North America,Challenger
FollowChovy,Mid,Hanwha Life Esports,Korea,Challenger
FollowHoya,Top,Fredit BRION,Korea,Challenger
FollowDelight,Support,Fredit BRION,Korea,Challenger
FollowKnight,Mid,Top Esports,China,Challenger
FollowRevenge,Top,Immortals,North America,Challenger
FollowCanyon,Jungle,DWG KIA,Korea,Challenger
FollowChieftain,Jungle,Fredit BRION,Korea,Challenger
FollowLost,ADC,Team SoloMid,North America,Challenger
FollowGumayusi,ADC,T1,Korea,Challenger
FollowKeria,Support,T1,Korea,Challenger
FollowUpset,ADC,Fnatic,Europe,Challenger
Followlabrov,Support,Team Vitality,Europe,Challenger
FollowCryin,Mid,Royal Never Give Up,China,Challenger
FollowGrevthar,Mid,RED Academy,Brazil,Challenger
FollowHyoga,Jungle,,Brazil,Challenger
FollowZeka,Mid,Bilibili Gaming,China,Challenger
FollowKenvi,Jungle,100 Thieves Academy,North America,Challenger
FollowDhokla,Top,,North America,Challenger
FollowClid,Jungle,Gen.G,Korea,Challenger
FollowEnga,Mid,Rainbow7,Liga Latinoamérica,Challenger
FollowLife,Support,Gen.G,Korea,Challenger
FollowZzus,Support,KT Rolster,Korea,Challenger
FollowLeo,ADC,Afreeca Freecs,Korea,Challenger
FollowBreezyyy,Support,Cloud9 Academy,North America,Challenger
FollowDoinb,Mid,FunPlus Phoenix,China,Challenger
FollowMagiFelix,Mid,Astralis,Europe,Challenger
FollowDestiny,Support,Immortals,North America,Challenger
FollowDove,Mid,KT Rolster,Korea,Challenger
FollowQuid,Mid,Gen.G Academy,Korea,Challenger
FollowSUP,Support,KT Rolster Academy,Korea,Challenger
FollowBdd,Mid,Gen.G,Korea,Challenger
FollowKabbie,Support,Liiv SANDBOX Academy,Korea,Challenger
FollowAnDa,Jungle,No Org,North America,Challenger
FollowLoop,Support,,Brazil,Challenger
FollowJockster,Support,,Brazil,Challenger
FollowRuler,ADC,Gen.G,Korea,Challenger
FollowBBD,ADC,,China,Challenger
FollowXLB,Jungle,Royal Never Give Up,China,Challenger
FollowShowMaker,Mid,DWG KIA,Korea,Challenger
FollowArmao,Jungle,,North America,Challenger
FollowTutsz,Mid,Flamengo eSports,Brazil,Challenger
FollowRebel,Support,KT Rolster Academy,Korea,Challenger
FollowJuhan,Jungle,Nongshim RedForce Academy,Korea,Challenger
Followzs,Top,eStar,China,Challenger
Followyimeng,Mid,Team World Elite,China,Challenger
Followpr1me,Top,Galakticos,Turkey,Challenger
FollowToongE,ADC,Gen.G Academy,Korea,Challenger
FollowJenax,Top,SK Gaming,Europe,Challenger
FollowTian,Jungle,FunPlus Phoenix,China,Challenger
FollowJohnsun,ADC,FlyQuest,North America,Challenger
FollowBiofrost,Support,,North America,Challenger
FollowFenfen,Mid,,China,Challenger
FollowHena,ADC,Fredit BRION,Korea,Challenger
FollowVsta,Support,Hanwha Life Esports,Korea,Challenger
FollowCroco,Jungle,Liiv SANDBOX,Korea,Challenger
FollowGiyuu,Mid,NASR eSports Turkey,Turkey,Challenger
FollowFroggen,Mid,,Europe,Challenger
FollowTrymbi,Support,Rogue,Europe,Challenger
FollowKofte,Mid,Dark Passage,Turkey,Challenger
FollowxKenzuke,Mid,Movistar Riders,Europe,Challenger
FollowDardoch,Jungle,Team Dignitas,North America,Challenger
FollowAngel,Mid,Suning Gaming,China,Challenger
FollowMatsukaze,ADC,Vorax,Brazil,Challenger
FollowEffort,Support,Liiv SANDBOX,Korea,Challenger
FollowDeft,ADC,Hanwha Life Esports,Korea,Challenger
FollowKaris,Mid,Gen.G,Korea,Challenger
FollowInspired,Jungle,Rogue,Europe,Challenger
FollowMorgan,Top,Hanwha Life Esports,Korea,Challenger
Followxiao7,Top,,China,Challenger
FollowLekcyc,Support,,Russia,Challenger
FollowBurdol,Top,Gen.G,Korea,Challenger
FollowYeon,ADC,Team Liquid Academy,North America,Challenger
FollowShiauC,Support,eStar,China,Challenger
Followchenlun17,Top,,China,Challenger
FollowFlakked,ADC,MAD Lions Madrid,Europe,Challenger
FollowKarsa,Jungle,Top Esports,China,Challenger
FollowYunbee,Mid,Golden Guardians Academy,North America,Challenger
FollowTitaN,ADC,RED Canids,Brazil,Challenger
FollowComp,ADC,Team Vitality,Europe,Challenger
FollowCrime,Mid,Oh My Dream,China,Challenger
FollowInnaxe,ADC,GamersOrigin,Europe,Challenger
FollowPlasma,Support,UCAM Esports Club,Europe,Challenger
FollowDeadly,ADC,BT Excel,Europe,Challenger
FollowTarzan,Jungle,LNG Esports,China,Challenger
FollowKaori,ADC,SuperMassive eSports,Turkey,Challenger
FollowKe,Support,eStar.Y,China,Challenger
FollowGimGoon,Top,,Korea,Challenger
FollowUmut,Mid,5 Ronin,Turkey,Challenger
Followxiaohuangren,Jungle,Dominus Esports Young,China,Challenger
FollowSylvie,Jungle,Nongshim RedForce Academy,Korea,Challenger
FollowZven,ADC,Cloud9,North America,Challenger
FollowJankos,Jungle,G2 Esports,Europe,Challenger
FollowChasy,Top,DWG KIA Challengers,Korea,Challenger
FollowCanna,Top,T1,Korea,Challenger
FollowCopy,Mid,Cloud9 Academy,North America,Challenger
FollowCastle,Top,KT Rolster Academy,Korea,Challenger
FollowPobelter,Mid,Counter Logic Gaming,North America,Challenger
FollowMeiko,Support,EDward Gaming,China,Challenger
FollowAble,ADC,Bilibili Gaming Junior,China,Challenger
FollowSummit,Top,Liiv SANDBOX,Korea,Challenger
FollowSofM,Jungle,Suning Gaming,China,Challenger
FollowTargamas,Support,Karmine Corp,Europe,Challenger
FollowJezu,ADC,SK Gaming,Europe,Challenger
FollowRich,Top,Nongshim RedForce,Korea,Challenger
FollowZuao,Jungle,,Brazil,Challenger
FollowRedBert,Support,Flamengo eSports,Brazil,Challenger
FollowSALUT A TOUS,Top,Berlin International Gaming,Europe,Challenger
FollowPhotic,ADC,Top Esports,China,Challenger
FollowKillua,Support,,China,Challenger
FollowMikyx,Support,G2 Esports,Europe,Challenger
FollowFlandre,Top,EDward Gaming,China,Challenger
FollowDoublelift,ADC,,North America,Challenger
FollowMinit,Support,Afreeca Freecs Academy,Korea,Challenger
FollowTaeyoon,ADC,DRX Academy,Korea,Challenger
FollowMireu,Mid,T1 Academy,Korea,Challenger
FollowRainbow,Mid,Santos e-Sports,Brazil,Challenger
FollowWayne,ADC,Nongshim RedForce,Korea,Challenger
FollowJiin,Mid,,Korea,Challenger
FollowShernfire,Jungle,Cloud9 Academy,North America,Challenger
FollowCrisp,Support,FunPlus Phoenix,China,Challenger
FollowChance,Support,LGD Gaming,China,Challenger
Follow5fire,Mid,,North America,Challenger
FollowPoss,Top,CERBERUS Esports,Vietnam,Challenger
FollowHang,Support,Rare Atom,China,Challenger
FollowBecca,Support,DRX,Korea,Challenger
FollowRascal,Top,Gen.G,Korea,Challenger
FollowMori,Jungle,Oh My Dream,China,Challenger
FollowJinjiao,Support,,China,Challenger
FollowSinmivak,Top,AGO ROGUE,Europe,Challenger
FollowEyla,Support,Team Liquid Academy,North America,Challenger
FollowMingjing,Jungle,FunPlus Phoenix Blaze,China,Challenger
FollowVetheo,Mid,Misfits,Europe,Challenger
FollowHyBriD,ADC,KT Rolster,Korea,Challenger
Follow369,Top,Top Esports,China,Challenger
FollowHoit,Support,T1 Academy,Korea,Challenger
Followping,Jungle,,China,Challenger
FollowEllim,Jungle (Sub),T1,Korea,Challenger
FollowBini,ADC,Fredit BRION Academy,Korea,Challenger
FollowNewt,Support,Asura,Korea,Challenger
FollowAgurin,Jungle,,Europe,Challenger
FollowKami,None,,Brazil,Challenger
FollowNemesis,Mid,Gen.G,Korea,Challenger
FollowStay,ADC,Team WE Academy,China,Challenger
FollowKirei,Jungle,GamersOrigin,Europe,Challenger
FollowFly,Mid,Afreeca Freecs,Korea,Challenger
FollowThal,Top,,Korea,Challenger
FollowUcal,Mid,KT Rolster,Korea,Challenger
FollowBlaber,Jungle,Cloud9,North America,Challenger
FollowKhael,Support,Gen.G Academy,Korea,Challenger
FollowCody Sun,ADC,TSM Academy,North America,Challenger
FollowLokeN,ADC,JD Gaming,China,Challenger
FollowLindarang,Top,,Korea,Challenger
FollowHarp,Support,KT Rolster Academy,Korea,Challenger
FollowCarzzy,ADC,MAD Lions,Europe,Challenger
FollowUnforgiven (EU),ADC,SK Gaming Prime,Europe,Challenger
FollowVandeR,Support,Misfits,Europe,Challenger
FollowSwordArt,Support,Team SoloMid,North America,Challenger
FollowWink,ADC,Invictus Gaming,China,Challenger
FollowHuB,Support,Liiv SANDBOX Academy,Korea,Challenger
FollowUmTi,Jungle,Fredit BRION,Korea,Challenger
FollowStarScreen,Top,İstanbul Wild Cats,Turkey,Challenger
FollowNatalie,Jungle,,Korea,Challenger
FollowKhan,Top,DWG KIA,Korea,Challenger
FollowOner,Jungle,T1,Korea,Challenger
Followtwohoyrz,Mid,ŠAIM SE SuppUp,Europe,Challenger
FollowBAO,ADC,DRX,Korea,Challenger
FollowMinerva,Jungle,,Brazil,Challenger
FollowNOsFerus,Mid,Cruzeiro eSports,Brazil,Challenger
FollowHantera,Sub (Sub),Team Vitality.Bee,Europe,Challenger
FollowSend0o,Top,,Europe,Challenger
FollowEnvy Carry,Mid,,Europe,Challenger
FollowDnDn,Top,Nongshim RedForce Academy,Korea,Challenger
FollowMeteor,Jungle,Bilibili Gaming,China,Challenger
FollowAesenar,Support,MAD Lions Madrid,Europe,Challenger
FollowParus,Support,SuperMassive Academy,Turkey,Challenger
FollowCuzz,Jungle,T1,Korea,Challenger
FollowNisqy,Mid,Fnatic,Europe,Challenger
FollowMata,None,,China,Challenger
FollowPrince,ADC,Liiv SANDBOX,Korea,Challenger
FollowSertuss,Mid,Misfits Premier,Europe,Challenger
FollowSaken,Mid,Karmine Corp,Europe,Challenger
FollowTynX,Jungle,SK Gaming,Europe,Challenger
FollowLimit,Support,FC Schalke 04,Europe,Challenger
FollowBig,Support,No Org,North America,Challenger
FollowBroxah,Jungle,Counter Logic Gaming,North America,Challenger
FollowRazork,Jungle,Misfits,Europe,Challenger
FollowMarkoon,Jungle,BT Excel,Europe,Challenger
Follow5Kid,ADC,KT Rolster Academy,Korea,Challenger
FollowAdvienne,Support,BT Excel,Europe,Challenger
FollowbonO,Jungle,,Korea,Challenger
FollowLilipp,Support,SK Gaming Prime,Europe,Challenger
FollowDestiny-KR,Support,,Korea,Challenger
FollowKeine,Mid,Afreeca Freecs,Korea,Challenger
FollowTomo,ADC,FlyQuest Academy,North America,Challenger
FollowKeduii,ADC,Berlin International Gaming,Europe,Challenger
FollowGadget,ADC,mousesports,Europe,Challenger
FollowGeum go,Jungle,Liiv SANDBOX Academy,Korea,Challenger
FollowRoach,Top,T1 Academy,Korea,Challenger
FollowPunch,Jungle,,Korea,Challenger
FollowSwordd,Mid,TSM Academy,North America,Challenger
FollowPirean,Mid,,Japan,Challenger
FollowBay,Mid,Nongshim RedForce Academy,Korea,Challenger
Followgyuvee,Top,Liiv SANDBOX Academy,Korea,Challenger
FollowAlois,Top,SK Gaming Prime,Europe,Challenger
FollowAblazeolive,Mid,Golden Guardians,North America,Challenger
FollowNaehyun,Mid,Crest Gaming Act,Japan,Challenger
FollowCloser,Jungle,100 Thieves,North America,Challenger
FollowKellin,Support,Nongshim RedForce,Korea,Challenger
FollowBerserker,ADC,T1 Academy,Korea,Challenger
FollowEika,Mid,LDLC OL,Europe,Challenger
Followclx,Mid,Bilibili Gaming Junior,China,Challenger
FollowKoldo,Jungle,G2 Arctic,Europe,Challenger
FollowDanchung,Mid,,Korea,Challenger
FollowCrazy,Top,,China,Challenger
FollowPatrik,ADC,exceL Esports,Europe,Challenger
FollowSkream,ADC,,Europe,Challenger
FollowSmurf,Top,One Breath Gaming,Russia,Challenger
FollowBlue,Mid,SK Gaming,Europe,Challenger
FollowViper,ADC,EDward Gaming,China,Challenger
FollowKuzan,Mid,,Korea,Challenger
FollowPyosik,Jungle,DRX,Korea,Challenger
FollowTrigger,ADC,Victory Five,China,Challenger
Followrjs,Mid,CLG Academy,North America,Challenger
FollowHakuho,Support,Immortals,North America,Challenger
FollowHoney,ADC,,Korea,Challenger
FollowPeyz,ADC,Gen.G Academy,Korea,Challenger
FollowNuclearint,Mid,FC Schalke 04,Europe,Challenger
FollowMuru,Support,DWG KIA Challengers,Korea,Challenger
FollowJayJ,Support,Team Dignitas Academy,North America,Challenger
FollowScout,Mid,EDward Gaming,China,Challenger
Follow705,Top,Joy Dream,China,Challenger
FollowWinner,Jungle,Gen.G Academy,Korea,Challenger
FollowCarry,Support,Galatasaray Academy,Turkey,Challenger
FollowRayito,ADC,Movistar Riders,Europe,Challenger
FollowSneaky,None,,North America,Challenger
FollowBravado,Support,,Europe,Challenger
FollowKsaez,Mid,SuperMassive eSports,Turkey,Challenger
FollowMalrang,Jungle,DWG KIA,Korea,Challenger
FollowTen10,Mid,Liiv SANDBOX Academy,Korea,Challenger
FollowTrayton,Support,,Europe,Challenger
FollowBBakPyo,Jungle,,Korea,Challenger
FollowDreedy,Top,UCAM Esports Club,Europe,Challenger
FollowArt,ADC,,Japan,Challenger
FollowMaxlore,Jungle,Movistar Riders,Europe,Challenger
FollowRey,Top,,Korea,Challenger
FollowXerxe,Jungle,Immortals,North America,Challenger
FollowEden Fox,Mid,,Turkey,Challenger
FollowJeongHoon,Support,Fredit BRION Academy,Korea,Challenger
Followyuyanjia,Support,Top Esports,China,Challenger
FollowRames,Jungle,Galatasaray Academy,Turkey,Challenger
FollowJeyrus,ADC,Galakticos,Turkey,Challenger
FollowStixxay,ADC,Golden Guardians,North America,Challenger
FollowxMatty,ADC,Karmine Corp,Europe,Challenger
FollowYoppa,Top,Schalke Evolution,Europe,Challenger
FollowAdept,Mid,One Breath Gaming,Russia,Challenger
FollowFrappii,ADC (Sub),Unicorns of Love,Russia,Challenger
FollowPekin Woof,Mid,,North America,Challenger
FollowReeker,Mid,Berlin International Gaming,Europe,Challenger
FollowExakick,ADC,LDLC OL,Europe,Challenger
FollowSelfmade,Jungle,Fnatic,Europe,Challenger
FollowEckas,Jungle,Vodafone Giants.Spain,Europe,Challenger
FollowCaps,Mid,G2 Esports,Europe,Challenger
FollowBean,ADC,Fnatic Rising,Europe,Challenger
FollowHumanoid,Mid,MAD Lions,Europe,Challenger
FollowAkaadian,Jungle,Team Dignitas Academy,North America,Challenger
FollowFenix,Mid,,North America,Challenger
FollowKamilius,Support,Vodafone Giants.Spain,Europe,Challenger
FollowCabochard,Top,,Europe,Challenger
FollowSvenskeren,Jungle,Evil Geniuses,North America,Challenger
FollowRagner,Top,SuperMassive eSports,Turkey,Challenger
FollowNukes,Support,,Europe,Challenger
FollowStrompest,Mid,,North America,Challenger
FollowRychly,Support,ad hoc gaming,Europe,Challenger
FollowTomio,Jungle,Evil Geniuses Academy,North America,Challenger
FollowDizL,ADC,ad hoc gaming,Europe,Challenger
FollowEvolved,Jungle,,North America,Challenger
FollowVenzer,ADC,Unicorns Of Love Sexy Edition,Europe,Challenger
FollowKadaver,ADC,Astralis Talent,Europe,Challenger
Follownoway4u,Mid,,Europe,Challenger
FollowManaty,Jungle,LDLC OL,Europe,Challenger
FollowAllorim,Top,,North America,Challenger
FollowLucker,ADC,AGO ROGUE,Europe,Challenger
FollowTh3Antonio,Top,Vodafone Giants.Spain,Europe,Challenger
FollowWendelbo,Support,,Turkey,Challenger
FollowFatihCan,ADC,İstanbul Wildcats Academy,Turkey,Challenger
FollowJoey,Support,Immortals Academy,North America,Challenger
FollowCzekolad,Mid,exceL Esports,Europe,Challenger
FollowSerin,Mid,İstanbul Wild Cats,Turkey,Challenger
FollowkaSing,Support,Movistar Riders,Europe,Challenger
FollowBetty,ADC,Rogue Warriors,China,Grandmaster
FollowEvrot,Mid,KaBuM! e-Sports,Brazil,Grandmaster
FollowDisave,ADC,KaBuM! e-Sports,Brazil,Grandmaster
FollowMaple,Mid,PSG Talon,PCS,Grandmaster
FollowYagao,Mid,JD Gaming,China,Grandmaster
FollowXinMo,Support,Bilibili Gaming,China,Grandmaster
FollowPuff,ADC,Invictus Gaming,China,Grandmaster
Followxiaohu,Top,Royal Never Give Up,China,Grandmaster
Followl3est16,Jungle,,China,Grandmaster
FollowesA,Support,,Brazil,Grandmaster
FollowSouthwind,Support,Invictus Gaming,China,Grandmaster
FollowTwila,Mid,TT,China,Grandmaster
FollowCold,Support,Oh My God,China,Grandmaster
FollowMaggie,Jungle,,China,Grandmaster
FollowEren,Mid,,Europe,Grandmaster
FollowAbbedagge,Mid,100 Thieves,North America,Grandmaster
FollowTolanD,Mid,Liiv SANDBOX Academy,Korea,Grandmaster
FollowMole,Mid,Victory Five,China,Grandmaster
FollowCJJ,Top,eStar,China,Grandmaster
FollowBless-CN,Jungle,TT,China,Grandmaster
FollowSerenity,Support (Sub),,Korea,Grandmaster
FollowIwandy,Support,LNG Esports,China,Grandmaster
FollowAodi,Top,Victory Five,China,Grandmaster
FollowVVvert,Top,,Brazil,Grandmaster
FollowReheal,Support,Rogue Warriors,China,Grandmaster
FollowdyNquedo,Mid,LOUD,Brazil,Grandmaster
FollowNuguri,Top,FunPlus Phoenix,China,Grandmaster
FollowYang,Top,,Brazil,Grandmaster
FollowKingdom,ADC,,Korea,Grandmaster
FollowPalafox,Mid,FlyQuest,North America,Grandmaster
FollowBen,Support,,Korea,Grandmaster
FollowWeiwei,Jungle,Victory Five,China,Grandmaster
FollowQiuQiu,Support,Rogue Warriors,China,Grandmaster
Followrat,ADC,eStar,China,Grandmaster
FollowPlex,Mid,LNG Esports,China,Grandmaster
FollowGanknam,Jungle,,Korea,Grandmaster
FollowRyan,Jungle,KaBuM! e-Sports,Brazil,Grandmaster
FollowNino,Mid,,Korea,Grandmaster
FollowBuLLDoG,Mid,Afreeca Freecs Academy,Korea,Grandmaster
FollowTempt,Mid,,Korea,Grandmaster
Follow7WO,Jungle,Royal Club,China,Grandmaster
FollowBandao,Jungle,Invictus Gaming Young,China,Grandmaster
FollowBrolia,Support,5 Ronin,Turkey,Grandmaster
FollowHaru,Jungle,,Korea,Grandmaster
FollowSkeanz,Jungle,Team Vitality,Europe,Grandmaster
FollowLucas,Mid (Sub),Invictus Gaming,China,Grandmaster
FollowDice,Mid,Gen.G Academy,Korea,Grandmaster
Followdeokdam,ADC,Nongshim RedForce,Korea,Grandmaster
FollowZoom,Top,JD Gaming,China,Grandmaster
FollowJisu,Top,,Korea,Grandmaster
FollowLwx,ADC,FunPlus Phoenix,China,Grandmaster
FollowSMILEY,ADC,Team Vitality.Bee,Europe,Grandmaster
FollowBreathe,Top,Team World Elite,China,Grandmaster
FollowWraith,None,,Korea,Grandmaster
FollowBAekHO,ADC,,Korea,Grandmaster
FollowSpirit,None,Afreeca Freecs Academy,Korea,Grandmaster
FollowBOSS,Top,Unicorns of Love,Russia,Grandmaster
Followyuekai,Mid,Royal Club,China,Grandmaster
FollowDoRun,Top,,China,Grandmaster
FollowSteal,Jungle,DetonatioN FocusMe,Japan,Grandmaster
FollowDalka,None,,Korea,Grandmaster
FollowKartis,Top (Sub),PSG Talon,PCS,Grandmaster
FollowYaharong,Mid,,Korea,Grandmaster
Follow113,Jungle,SuperMassive Academy,Turkey,Grandmaster
FollowKuri,Support,,Korea,Grandmaster
FollowSaNTaS,Support,Unicorns of Love,Russia,Grandmaster
FollowXiaopeng,Jungle,TT,China,Grandmaster
FollowJesiz,None,,Europe,Grandmaster
FollowKnighter,Mid,MAD Lions Madrid,Europe,Grandmaster
FollowKerberos,Top,Unicorns Of Love Sexy Edition,Europe,Grandmaster
FollowArrow,ADC,,Korea,Grandmaster
FollowSOLCA,Mid (Sub),DRX,Korea,Grandmaster
Followbeansu,Top,GamersOrigin,Europe,Grandmaster
FollowFerret,Jungle,İstanbul Wild Cats,Turkey,Grandmaster
FollowRevolta,Jungle,INTZ e-Sports,Brazil,Grandmaster
FollowMaynter,Top,Dragon Army,Russia,Grandmaster
FollowKreox,Jungle,One Breath Gaming,Russia,Grandmaster
FollowXero,None,,Brazil,Grandmaster
FollowSoaR,Top,OZ Gaming,Korea,Grandmaster
FollowMyKey,ADC,,Russia,Grandmaster
FollowDuDu,Top,Hanwha Life Esports,Korea,Grandmaster
FollowNji,Jungle,,Europe,Grandmaster
FollowBrandini,Top,,North America,Grandmaster
FollowPilot,ADC,5 Ronin,Turkey,Grandmaster
FollowAlexx,Jungle,MAD Lions Madrid,Europe,Grandmaster
FollowCaos,Jungle,,Brazil,Grandmaster
Followtakeshi,Mid,,Brazil,Grandmaster
FollowTay,Top,LOUD,Brazil,Grandmaster
FollowBroken Blade,Top,FC Schalke 04,Europe,Grandmaster
FollowOnFleek,Jungle,Liiv SANDBOX,Korea,Grandmaster
Followlisto,Jungle,Gen.G Academy,Korea,Grandmaster
FollowNatural,Top,,China,Grandmaster
FollowFaker,Mid,T1,Korea,Grandmaster
FollowDoran,Top,KT Rolster,Korea,Grandmaster
FollowDuclou,Top,,Brazil,Grandmaster
FollowJunmin,ADC,DWG KIA Challengers,Korea,Grandmaster
FollowSword,Top,,Korea,Grandmaster
FollowLehends,Support,Afreeca Freecs,Korea,Grandmaster
FollowAlphari,Top,Team Liquid,North America,Grandmaster
FollowMelonik,Top,Illuminar Gaming,Europe,Grandmaster
FollowreM,Mid,,Korea,Grandmaster
FollowRaxxo,Support,K1CK,Europe,Grandmaster
FollowJactroll,Support,Misfits Premier,Europe,Grandmaster
FollowCariok,Jungle,paiN Gaming,Brazil,Grandmaster
FollowNewbie,Support,Golden Guardians,North America,Grandmaster
FollowiBoy,ADC,Rare Atom,China,Grandmaster
FollowDiamond,Support,FlyQuest,North America,Grandmaster
FollowMo,Support,Legend Esport Gaming,China,Grandmaster
FollowNukeduck,Mid,,Europe,Grandmaster
FollowTriple,Mid,FlyQuest Academy,North America,Grandmaster
FollowS1xu,Jungle,,China,Grandmaster
FollowTiger,ADC,,Europe,Grandmaster
FollowHwQ,Mid,Rogue Warriors,China,Grandmaster
FollowRafitta,ADC,UCAM Esports Club,Europe,Grandmaster
FollowDrop,ADC,,Brazil,Grandmaster
FollowMagic,Jungle,Team WE Academy,China,Grandmaster
FollowZaZee,Mid,SK Gaming Prime,Europe,Grandmaster
FollowCruiser,Mid,Liiv SANDBOX Academy,Korea,Grandmaster
FollowHoon,Top,,Korea,Grandmaster
FollowRoulette,Jungle,Galakticos,Turkey,Grandmaster
FollowZzanggu,Mid,DRX Academy,Korea,Grandmaster
FollowChazz,Mid,Pentanet.GG,Oceania,Grandmaster
FollowZergsting,Support,Galatasaray Esports,Turkey,Grandmaster
FollowPooh,ADC,RoX,Russia,Grandmaster
FollowFarfetch,Support,İstanbul Wild Cats,Turkey,Grandmaster
FollowTeddy,ADC,T1,Korea,Grandmaster
FollowJzr,Jungle,Young Miracles,China,Grandmaster
FollowKTSR,Top,Team AURORA Academy,Turkey,Grandmaster
FollowNeon,ADC,FC Schalke 04,Europe,Grandmaster
FollowYeongJae,Jungle,Gen.G Academy,Korea,Grandmaster
FollowOscar,Top,,Korea,Grandmaster
FollowKikis,Jungle,,Europe,Grandmaster
FollowOguzkhan,Jungle,İstanbul Wildcats Academy,Turkey,Grandmaster
FollowZeph,None,LDLC OL,Europe,Grandmaster
FollowIgNar,Support,Evil Geniuses,North America,Grandmaster
FollowLurox,Jungle,AGO ROGUE,Europe,Grandmaster
FollowLvMao,Support,JD Gaming,China,Grandmaster
FollowZanzarah,Jungle,Astralis,Europe,Grandmaster
FollowXiaobai,Sub (Sub),Royal Never Give Up,China,Grandmaster
FollowSacre,Top,MAD Lions Madrid,Europe,Grandmaster
FollowHanabi,Top,PSG Talon,PCS,Grandmaster
FollowBruness,Jungle,K1CK,Europe,Grandmaster
Followbadboy,Mid,,China,Grandmaster
FollowRaven,Top,Team Vitality.Bee,Europe,Grandmaster
FollowMytant,ADC,RoX,Russia,Grandmaster
FollowKynetic,ADC,Schalke Evolution,Europe,Grandmaster
FollowYoudang,Jungle,Invictus Gaming Young,China,Grandmaster
FollowKarimkt,Jungle,Berlin International Gaming,Europe,Grandmaster
FollowRuep,ADC,Galatasaray Academy,Turkey,Grandmaster
FollowCRoNiiK,Jungle,Astralis SB,Europe,Grandmaster
FollowWinter-KR,Mid,Liiv SANDBOX Academy,Korea,Grandmaster
FollowNomanz,Mid,Unicorns of Love,Russia,Grandmaster
FollowCorvo,ADC,,Europe,Grandmaster
FollowKaras,Support,,Korea,Grandmaster
FollowFiesta,Mid,Nongshim RedForce Academy,Korea,Grandmaster
FollowDelitto,Top,,Europe,Grandmaster
FollowDoil,Jungle,,Korea,Grandmaster
FollowCheoni,ADC,Hanwha Life Esports Academy,Korea,Grandmaster
FollowCaedrel,Jungle,,Europe,Grandmaster
FollowNeo-NA,ADC,Team Dignitas,North America,Grandmaster
FollowJaeger,Top,,Europe,Grandmaster
FollowSangchu,Top,Fredit BRION Academy,Korea,Grandmaster
FollowDestroy,Top,DRX,Korea,Grandmaster
FollowAiming,ADC,Bilibili Gaming,China,Grandmaster
FollowLAST,Top,,Turkey,Grandmaster
FollowFresskowy,Mid,G2 Arctic,Europe,Grandmaster
FollowRiris,Top,,Korea,Grandmaster
FollowCrasia,ADC,NASR eSports Turkey Academy,Turkey,Grandmaster
FollowColdraa,ADC,Dark Passage,Turkey,Grandmaster
FollowEnvyy,ADC,Gen.G Academy,Korea,Grandmaster
FollowClozer,Mid (Sub),T1,Korea,Grandmaster
FollowScorth,ADC,Dark Passage Academy,Turkey,Grandmaster
FollowBeishang,Jungle,Team World Elite,China,Grandmaster
FollowAdam,Top,Karmine Corp,Europe,Grandmaster
FollowGhost,ADC,DWG KIA,Korea,Grandmaster
FollowRate,ADC,SuperMassive Academy,Turkey,Grandmaster
FollowShadow-KR,Jungle,Fredit BRION Academy,Korea,Grandmaster
FollowsOAZ,None,LDLC OL,Europe,Grandmaster
FollowKiin,Top,Afreeca Freecs,Korea,Grandmaster
FollowAlgos,Support,5 Ronin Academy,Turkey,Grandmaster
Followming,Support,Royal Never Give Up,China,Grandmaster
FollowMystiques,Support,Evil Geniuses Academy,North America,Grandmaster
FollowToaster,ADC,,Europe,Grandmaster
FollowLoopy,Mid,DWG KIA Challengers,Korea,Grandmaster
FollowSmoothie,Support,Counter Logic Gaming,North America,Grandmaster
FollowRoute,ADC,,Korea,Grandmaster
FollowXoNix,Mid,One Breath Gaming,Russia,Grandmaster
FollowAzhy,Jungle,Fredit BRION Academy,Korea,Grandmaster
FollowFisher,Mid,T1 Academy,Korea,Grandmaster
FollowKackos,Top,K1CK,Europe,Grandmaster
FollowMemento,Jungle,Team Vitality.Bee,Europe,Grandmaster
FollowHolder,Top,,China,Grandmaster
FollowPerkZ,Mid,Cloud9,North America,Grandmaster
FollowMyrwn,Top,Astralis SB,Europe,Grandmaster
FollowSpooky,Jungle,ŠAIM SE SuppUp,Europe,Grandmaster
FollowYoshino,Top,Team Flash,Vietnam,Grandmaster
FollowKryze,Top,exceL Esports,Europe,Grandmaster
FollowPhenomenal,Top,Galakticos Academy,Turkey,Grandmaster
FollowDreamer Ace,Support,Unicorns Of Love Sexy Edition,Europe,Grandmaster
FollowLindgarde,ADC (Sub),Fnatic Rising,Europe,Grandmaster
FollowDon Arts,Jungle,,Brazil,Grandmaster
FollowArcsecond,Jungle,,North America,Grandmaster
FollowPump,ADC,Liiv SANDBOX Academy,Korea,Grandmaster
FollowEvi,Top,DetonatioN FocusMe,Japan,Grandmaster
FollowRhemio,Mid,SuperMassive Academy,Turkey,Grandmaster
FollowJun,Support,DRX Academy,Korea,Grandmaster
Followstarspring2,Top,Afreeca Freecs Academy,Korea,Grandmaster
FollowKruimel,Mid,,Turkey,Grandmaster
FollowBang,ADC,Afreeca Freecs,Korea,Grandmaster
FollowFBI,ADC,100 Thieves,North America,Grandmaster
FollowMatislaw,Mid,K1CK,Europe,Grandmaster
FollowYuros,Mid,Dark Passage Academy,Turkey,Grandmaster
FollowPeanut,Jungle,Nongshim RedForce,Korea,Grandmaster
FollowMeleks,Support,,Russia,Grandmaster
FollowTOP,Top,KT Rolster Academy,Korea,Grandmaster
FollowAndariel,ADC,5 Ronin,Turkey,Grandmaster
FollowNuQ,Top,Galatasaray Academy,Turkey,Grandmaster
FollowRare,Top,Team AURORA,Turkey,Grandmaster
FollowKey,None,Hanwha Life Esports,Korea,Grandmaster
FollowChres,Mid,AGO ROGUE,Europe,Grandmaster
FollowValue,ADC,No Org,North America,Grandmaster
FollowZeus,Top,T1,Korea,Grandmaster
FollowWings,ADC,Bilibili Gaming,China,Grandmaster
FollowFeeNiixZ,Mid,,Europe,Grandmaster
FollowFlawless,Jungle,Gen.G,Korea,Grandmaster
FollowAmazing,None,Misfits,Europe,Grandmaster
FollowTenacity,Top,100 Thieves Academy,North America,Grandmaster
FollowBlank,Jungle,KT Rolster,Korea,Grandmaster
FollowSantorin,Jungle,Team Liquid,North America,Grandmaster
FollowCrownshot,ADC,Team Vitality,Europe,Grandmaster
FollowPeach,Jungle,DRX Academy,Korea,Grandmaster
FollowGgul,Top,,Korea,Grandmaster
FollowZenit,ADC,Fukuoka SoftBank Hawks gaming,Japan,Grandmaster
FollowKronG,Top,,Korea,Grandmaster
FollowAsper,Support,T1 Academy,Korea,Grandmaster
FollowFATE,Mid,Liiv SANDBOX,Korea,Grandmaster
FollowRoamer,Mid,Fredit BRION Academy,Korea,Grandmaster
FollowDasher,Top,Fukuoka SoftBank Hawks gaming,Japan,Grandmaster
FollowUzi,ADC,,China,Grandmaster
FollowFireRain,Mid,,Korea,Grandmaster
FollowBeyond,Jungle,,Korea,Grandmaster
FollowGaeng,Support,DetonatioN FocusMe,Japan,Grandmaster
FollowMia,Support,Estral Esports,Liga Latinoamérica,Grandmaster
FollowEuro,Jungle,DRX Academy,Korea,Grandmaster
FollowMoojin,Jungle,V3 Esports,Japan,Grandmaster
FollowKingen,Top,DRX,Korea,Grandmaster
FollowLonely,Top,,Korea,Grandmaster
FollowWildTurtle,ADC,Counter Logic Gaming,North America,Grandmaster
FollowKanavi,Jungle,JD Gaming,China,Grandmaster
FollowWinter,Support,,North America,Grandmaster
FollowRacoon,Jungle,,Korea,Grandmaster
FollowWiz,Jungle,,Brazil,Grandmaster
FollowMeteos,Jungle,,North America,Grandmaster
FollowJelly,Support,,Korea,Grandmaster
FollowAyel,Top,,Brazil,Grandmaster
FollowBrucer,Mid,,Brazil,Master
FollowUnified,ADC,PSG Talon,PCS,Master
FollowSora,Support,Oh My God,China,Master
FollowJiumeng,ADC,Team World Elite,China,Master
FollowRanger,Jungle,Flamengo eSports,Brazil,Master
FollowMnM,ADC,Hong Kong Attitude,PCS,Master
FollowBugi,Jungle,Furious Gaming,Liga Latinoamérica,Master
FollowDoxy,Top,,Russia,Master
FollowBvoy,ADC,Estral Esports,Liga Latinoamérica,Master
FollowSimple,Jungle,Team WE Academy,China,Master
FollowVulcan,Support,Cloud9,North America,Master
FollowRoi,Mid,,Korea,Master
FollowRiver-CN,ADC,FunPlus Phoenix Blaze,China,Master
FollowScore,Jungle,,Korea,Master
FollowJjun,Jungle,,Korea,Master
FollowBolulu,Mid,Galatasaray Esports,Turkey,Master
FollowBruce,ADC,,PCS,Master
FollowDecay,Mid,Unicorns Of Love Sexy Edition,Europe,Master
FollowEnso,Jungle,,PCS,Master
FollowWei,Jungle,Royal Never Give Up,China,Master
Followhachamecha,Jungle,Crest Gaming Act,Japan,Master
FollowDuaLL,Support,MAD Lions Madrid,Europe,Master
FollowBaca,Mid,UCAM Esports Club,Europe,Master
FollowLuci,Support,paiN Gaming,Brazil,Master
FollowWitless,ADC,Dark Passage Academy,Turkey,Master
FollowPabu,Jungle,Pentanet.GG,Oceania,Master
FollowBioPanther,Top,Pentanet.GG,Oceania,Master
FollowKiaya,Mid,GAM Esports,Vietnam,Master
FollowJeskla,ADC,Astralis,Europe,Master
FollowYutorimoyashi,ADC,,Japan,Master
FollowSupa,ADC,G2 Arctic,Europe,Master
FollowArgonavt,ADC,Dragon Army,Russia,Master
FollowNako,ADC,Team AURORA Academy,Turkey,Master
FollowGALA,ADC,Royal Never Give Up,China,Master
FollowMightyDragon,Jungle,CrowCrowd,Russia,Master
FollowOscarinin,Top,G2 Arctic,Europe,Master
FollowSky-CN,Mid,TT,China,Master
FollowJackairay,Jungle,,China,Master
FollowMarky,Top,Movistar Riders,Europe,Master
FollowHans sama,ADC,Rogue,Europe,Master
FollowBen4,Jungle,,China,Master
FollowXiaohan,Jungle,Victory Five,China,Master
FollowSeaz,Support,Berlin International Gaming,Europe,Master
FollowSelson,Support,,Europe,Master
FollowShyelander,Jungle,UCAM Esports Club,Europe,Master
FollowHoglet,Jungle,,Japan,Master
FollowObsess,Jungle,Schalke Evolution,Europe,Master
FollowRiver,Jungle,PSG Talon,PCS,Master
FollowFour,Jungle,,Russia,Master
FollowCblpHuK,Support,,Russia,Master
FollowKz,Sub (Sub),Infinity eSports,Liga Latinoamérica,Master
FollowKoala,Support,Machi E-Sports,PCS,Master
FollowPraY,ADC,,Korea,Master
FollowWunder,Top,G2 Esports,Europe,Master
FollowKituruken,Jungle,NASR eSports Turkey,Turkey,Master
FollowEfias,Support,G2 Arctic,Europe,Master
FollowTaxer,Jungle,,Europe,Master
FollowNae,Mid (Sub),UCAM Esports Club,Europe,Master
FollowPuki Style,ADC,K1CK,Europe,Master
FollowLUSKKA,ADC,,Brazil,Master
FollowTom,Jungle,,Korea,Master
FollowRyuzaki,Jungle,,Brazil,Master
FollowKinzu,ADC,,Russia,Master
Followstillnumb,Mid,1907 Fenerbahçe Esports,Turkey,Master
FollowCover,Mid,,Korea,Master
FollowHolyPhoenix,ADC,İstanbul Wild Cats,Turkey,Master
FollowMeshade,ADC,Beşiktaş Academy,Turkey,Master
FollowCruel,Support,Suning-S,China,Master
FollowSoul,Jungle,RoX,Russia,Master
FollowTarky,Support,,Turkey,Master
FollowVicla,Mid,KT Rolster Academy,Korea,Master
FollowHowl,Mid,Dark Passage Academy,Turkey,Master
FollowPhlaty,Mid,,Russia,Master
FollowbrTT,ADC,paiN Gaming,Brazil,Master
FollowKold,None,Team Liquid,North America,Master
FollowMaHa,None,OZ Gaming,Korea,Master
FollowRavenous,Top,NASR eSports Turkey Academy,Turkey,Master
FollowNuclear,None,DWG KIA,Korea,Master
FollowNing,Jungle,Invictus Gaming,China,Master
FollowBoly,Support,Astralis SB,Europe,Master
FollowSangyoon,ADC,,Korea,Master
FollowInsanity,Mid,Immortals,North America,Master
FollowTore,Support,exceL Esports,Europe,Master
FollowFoFo,Mid,Rare Atom,China,Master
FollowDenyk,Support,Misfits,Europe,Master
FollowSmlz,ADC,,China,Master
FollowSarkis,ADC,,Brazil,Master
FollowOnlyl,Support,,Korea,Master
FollowKadir,Jungle,Unicorns Of Love Sexy Edition,Europe,Master
FollowStunt,Support,,North America,Master
FollowYusin,Support,Nongshim RedForce Academy,Korea,Master
FollowGori,Mid,Nongshim RedForce,Korea,Master
FollowLactea,ADC,,Korea,Master
FollowYutapon,ADC,DetonatioN FocusMe,Japan,Master
FollowJestkui Max,Support,CrowCrowd,Russia,Master
FollowLight,ADC,LNG Esports,China,Master
FollowBlessing,Support,Nongshim RedForce Academy,Korea,Master
FollowLospa,Support,Gen.G Academy,Korea,Master
FollowCzajek,Mid,Illuminar Gaming,Europe,Master
FollowIkssu,Top,,Korea,Master
FollowSleeping,Top,Unicorns Of Love Sexy Edition,Europe,Master
FollowHylissang,Support,Fnatic,Europe,Master
FollowBjergsen,None,Team SoloMid,North America,Master
FollowRobo,Top,paiN Gaming,Brazil,Master
FollowBaeMe,Mid,,Korea,Master
FollowYolanda,Jungle,,China,Master
FollowNasser,Jungle,,Europe,Master
FollowShanks,Mid,Team World Elite,China,Master
FollowChosen,Jungle,,Turkey,Master
Followxiye,Mid,JD Gaming,China,Master
FollowHaeSeong,Mid,,Korea,Master
FollowRudy,Top,DRX Academy,Korea,Master
FollowTeroor,ADC (Sub),One Breath Gaming,Russia,Master
FollowDimonko,Support,,Russia,Master
FollowTheusma,ADC (Sub),,Brazil,Master
FollowMapSSi,Support,Afreeca Freecs Academy,Korea,Master
FollowAjwad,Jungle,,Europe,Master
FollowMaximillion,Mid,Galakticos,Turkey,Master
FollowPowerOfEvil,Mid,Team SoloMid,North America,Master
FollowfabFabulous,Top,Dark Passage,Turkey,Master
FollowHamBak,Jungle,,Korea,Master
FollowMaestro,Support,Rare Atom,China,Master
FollowNeat,Jungle,,Korea,Master
FollowRozara,Jungle (Sub),Misfits Premier,Europe,Master
FollowSedrion,Support,,Europe,Master
FollowRonaldo,Mid,Vodafone Giants.Spain,Europe,Master
FollowPeace,Support,LGD Gaming,China,Master
FollowTinowns,Mid,paiN Gaming,Brazil,Master
FollowSoligo,Mid,Team Dignitas,North America,Master
FollowCrawl,Jungle,NASR eSports Turkey Academy,Turkey,Master
Followhuanfeng,ADC,Suning Gaming,China,Master
FollowxTyLk,Mid,,Russia,Master
Followsurentopito,Top (Sub),UCAM Esports Club,Europe,Master
FollowHowling,Top,Liiv SANDBOX Academy,Korea,Master
FollowLarssen,Mid,Rogue,Europe,Master
FollowOncan,Top,5 Ronin,Turkey,Master
FollowDarshan,Sub,Cloud9,North America,Master
FollowFudge,Top,Cloud9,North America,Master
FollowRuby,Mid,,China,Master
FollowTeacherma,Mid,Team World Elite,China,Master
FollowMitsuki,Support,,China,Master
FollowBubbling,None,DRX Academy,Korea,Master
FollowBeware,Top,,Korea,Master
FollowLoveLing,Jungle,,China,Master
FollowArmut,Top,MAD Lions,Europe,Master
FollowAnduril,Jungle,Team AURORA,Turkey,Master
FollowCepted,Mid,,Korea,Master
FollowDecoy,Support,Pentanet.GG,Oceania,Master
FollowBuggax,Top,Infinity eSports,Liga Latinoamérica,Master
FollowGarden,ADC,,Korea,Master
FollowAK,Top,Top Esports Challenger,China,Master
FollowAD,ADC,Nongshim RedForce Academy,Korea,Master
FollowTaNa,Top,Fredit BRION Academy,Korea,Master
FollowSelfie,Mid,,Europe,Master
FollowJapone,Support,NASR eSports Turkey,Turkey,Master
FollowDoggo,ADC,PSG Talon,PCS,Master
FollowZiv,Top,Rogue Warriors,China,Master
FollowMightybear,Jungle,,Korea,Master
FollowAria,Mid,DetonatioN FocusMe,Japan,Master
FollowKeshi,Support,DWG KIA Challengers,Korea,Master
FollowSecret,Support,Rascal Jester,Japan,Master
FollowLiquidDiego,Jungle,Estral Esports,Liga Latinoamérica,Master
FollowSoHwan,Top,,Korea,Master
FollowLot,Top,İstanbul Wildcats Academy,Turkey,Master
FollowKebap,Top,SuperMassive Academy,Turkey,Master
FollowOphelia,Mid,Gen.G Academy,Korea,Master
FollowGarvey,Top,LGD Gaming,China,Master
FollowTyphoon,Jungle,Dark Passage,Turkey,Master
FollowRush,Jungle,,Korea,Master
FollowDiplex,Mid,Team Vitality.Bee,Europe,Master
FollowDread,Jungle,Afreeca Freecs,Korea,Master
FollowWoolite,ADC,Misfits Premier,Europe,Master
FollowSpecial,Mid,,Europe,Master
FollowZin,ADC,GAM Esports,Vietnam,Master
FollowDuan,Support,,China,Master
FollowNyx,Jungle,Gen.G Academy,Korea,Master
FollowShawi Katami,Support,Galakticos,Turkey,Master
FollowBaut,Support,Hanwha Life Esports Academy,Korea,Master
FollowCarlsen,Top,Astralis Talent,Europe,Master
FollowAHaHaCiK,Jungle,Unicorns of Love,Russia,Master
FollowRotteBengi,Support,Astralis Talent,Europe,Master
FollowTheShy,Top,Invictus Gaming,China,Master
FollowWannabe,Support (Sub),UCAM Esports Club,Europe,Master
FollowPraedyth,ADC,Pentanet.GG,Oceania,Master
FollowDreampullka,Top,,Russia,Master
FollowElramir,Jungle,1907 Fenerbahçe Esports,Turkey,Master
FollowXx,Jungle,,China,Master
FollowMerciless,Mid,NASR eSports Turkey Academy,Turkey,Master
FollowGriffon,Mid,CrowCrowd,Russia,Master
FollowCinkrof,Jungle,Karmine Corp,Europe,Master
FollowCody,Mid,Infinity eSports,Liga Latinoamérica,Master
FollowHooks,ADC,100 Thieves Next,North America,Master
FollowBearcute,Jungle,,Russia,Master
FollowGilius,Jungle,FC Schalke 04,Europe,Master
FollowChibs,Mid (Sub),Fnatic Rising,Europe,Master
FollowCorporal,Support,Fukuoka SoftBank Hawks gaming,Japan,Master
FollowProfessor,Support,,Brazil,Master
FollowAmazingJ,Top,,China,Master
FollowKaiwing,Support,PSG Talon,PCS,Master
FollowMask,Mid,Hanwha Life Esports Academy,Korea,Master
FollowMatt Elento,None,Evil Geniuses Academy,North America,Master
FollowShark,ADC,,Korea,Master
FollowJustice,Mid,,Korea,Master
FollowBigShot,Jungle,,Korea,Master
FollowRock,Top,,PCS,Master
FollowFastlegged,Support,,Turkey,Master
FollowDellal,Support,Team AURORA,Turkey,Master
FollowRoad,Support,Gen.G Academy,Korea,Master
FollowSolidSnake,Jungle,Infinity eSports,Liga Latinoamérica,Master
FollowKemba,ADC,Galakticos Academy,Turkey,Master
FollowWadid,Support,All Knights,Liga Latinoamérica,Master
FollowSteeelback,Support,,Europe,Master
FollowPbd,Support,Dark Passage,Turkey,Master
FollowKingKong,ADC,Liiv SANDBOX Academy,Korea,Master
FollowWhiteLotus,ADC,Infinity eSports,Liga Latinoamérica,Master
FollowFLahm,Support,,Korea,Master
FollowSwift,Jungle,,China,Master
FollowLodik,ADC,Unicorns of Love,Russia,Master
FollowArthur,Jungle,Hanwha Life Esports,Korea,Master
FollowBlossom,Jungle,,Brazil,Master
FollowMystic,ADC,JD Gaming,China,Master
FollowKongyue,Jungle,,PCS,Master
FollowUniboy,Mid,LGD Gaming,China,Master
Followicon,Mid,LNG Esports,China,Master
FollowBurry,Jungle,Afreeca Freecs Academy,Korea,Master
FollowAbsolute,Support,SuperMassive eSports,Turkey,Master
FollowNova,Support,,Korea,Master
FollowSamux,ADC,,Europe,Master
FollowDumbledoge,Support,,Turkey,Master
FollowKobbe,ADC,Misfits,Europe,Master
FollowSkash,Support,CrowCrowd,Russia,Master
FollowTool,Support,Fredit BRION Academy,Korea,Master
FollowBando,Top,,Europe,Master
FollowMoo,ADC,,Korea,Master
FollowShlatan,Jungle,Misfits Premier,Europe,Master
FollowSmeb,Top,,Korea,Master
FollowPak,Mid,GamersOrigin,Europe,Master
FollowPart,Top,,Korea,Master
FollowAmbition,Jungle,Gen.G,Korea,Master
FollowOnce,Jungle,Burning Core,Japan,Master
FollowKanani,Jungle,,Europe,Master
FollowBeichen,Jungle,Oh My God,China,Master
FollowKeysie,Mid,,Russia,Master
FollowJunJia,Jungle,EDward Gaming Youth Team,China,Master
FollowUnho1y,ADC,,Russia,Master
FollowFrozen,None,,Korea,Master
FollowSsumday,Top,100 Thieves,North America,Master
FollowCrow,Mid,,Korea,Master
FollowKrastyel,Mid,Vorax,Brazil,Master
FollowGoku,Mid,Flamengo eSports,Brazil,Master
FollowSolo,Top,Golden Guardians Academy,North America,Master
FollowBwipo,Top,Fnatic,Europe,Master
FollowAlive,ADC,Beşiktaş e-Sports Club,Turkey,Master
FollowKaiser,Support,MAD Lions,Europe,Master
FollowSparz,Support,1907 Fenerbahçe Esports,Turkey,Master
FollowSkewer,Top,5 Ronin Academy,Turkey,Master
FollowNeramin,ADC,1907 Fenerbahçe Esports,Turkey,Master
FollowZherathor,Mid,Astralis SB,Europe,Master
FollowGrell,Jungle,All Knights,Liga Latinoamérica,Master
FollowEngo,Top,,North America,Master
FollowPREP,Jungle,Fredit BRION Academy,Korea,Master
FollowADD,Top,,China,Master
FollowMax,None,Hanwha Life Esports,Korea,Master
Followmithy,None,Cloud9,North America,Master
FollowNagne,Mid,,Korea,Master
FollowVoyboy,Top,,North America,Master
Followilllima,Top,DRX Academy,Korea,Master
Followmidkid,Mid,İstanbul Wildcats Academy,Turkey,Master
FollowZelt,Top,Estral Esports,Liga Latinoamérica,Master
FollowPluvia,Mid,Fredit BRION Academy,Korea,Master
FollowRumor,ADC,,Korea,Master
FollowLibra,Top,Dark Passage Academy,Turkey,Master
FollowMxe,Support,Dark Passage Academy,Turkey,Master
FollowUntara,Top,,Korea,Diamond I
FollowCuVee,None,Gen.G,Korea,Diamond I
FollowHelper,None,PSG Talon,PCS,Diamond I
FollowKuro,Mid,,Korea,Diamond I
FollowShy,Top,Hanwha Life Esports,Korea,Diamond I
FollowShrimp,Jungle,,Korea,Diamond I
FollowRekkles,ADC,G2 Esports,Europe,Diamond I
FollowClearlove,Jungle,EDward Gaming,China,Diamond I
FollowMission,Mid,J Team,PCS,Diamond I
FollowDeftly,ADC,Evil Geniuses,North America,Diamond I
FollowSS,ADC,,Korea,Diamond I
FollowV1per,Top,No Org,North America,Diamond I
FollowRest,Top,J Team,PCS,Diamond I
FollowWerlyb,Top,,Europe,Diamond I
FollowKumo,Top,FlyQuest Academy,North America,Diamond I
FollowLIDER,Mid,mousesports,Europe,Diamond I
FollowOrome,Top,BT Excel,Europe,Diamond I
Follow3z,Top,Hong Kong Attitude,PCS,Diamond I
FollowBardBerry,Support,,Russia,Diamond I
FollowHighDin,Support,,Korea,Diamond I
FollowWorld6,Jungle,,China,Diamond I
FollowWeiYan,Jungle,,China,Diamond I
FollowMoyu,Top,,China,Diamond I
FollowExecute,Support,,Korea,Diamond I
FollowHakaM,ADC,,Korea,Diamond I
FollowRedHand,Jungle,,Turkey,Diamond I
FollowBgob,Jungle,,Brazil,Diamond I
FollowHusky Rider,ADC,,Turkey,Diamond I
FollowElyoya,Jungle,MAD Lions,Europe,Diamond I
FollowTumay,Jungle,Galakticos,Turkey,Diamond I
FollowRhuckz,Support,Fnatic Rising,Europe,Diamond I
FollowHP1,Support,DRX Academy,Korea,Diamond I
FollowChelly,None,,Korea,Diamond I
FollowWodex,ADC (Sub),UCAM Esports Club,Europe,Diamond I
FollowFury,None,Suning Gaming,China,Diamond I
FollowGimliques,Top,RoX,Russia,Diamond I
FollowAckerman,Support,Infinity eSports,Liga Latinoamérica,Diamond I
FollowDoss,Support,,Europe,Diamond I
FollowSzygenda,Top,Team Vitality,Europe,Diamond I
FollowRobin,Jungle,Beşiktaş e-Sports Club,Turkey,Diamond I
FollowMove,Jungle,,Turkey,Diamond I
FollowDooTi,ADC,,Korea,Diamond I
FollowZero,Support,,China,Diamond I
FollowShikari,Top,,Europe,Diamond I
FollowHatrixx,Mid,BT Excel,Europe,Diamond I
FollowBehind,Support,DWG KIA Challengers,Korea,Diamond I
FollowLuka,Mid,5 Ronin Academy,Turkey,Diamond I
FollowRaziel,ADC,Astralis SB,Europe,Diamond I
FollowON,Support,Suning Gaming,China,Diamond I
FollowMeaning,Top,Gen.G Academy,Korea,Diamond I
FollowSimSin,Support,,Russia,Diamond I
FollowLinsanity,Mid,,North America,Diamond I
FollowSky,Mid,RED Canids,Brazil,Diamond I
FollowMotive,Support,OZ Gaming,Korea,Diamond I
FollowShemek,Top,,Europe,Diamond I
Followzig,Top,,North America,Diamond I
FollowGoldenglue,None,100 Thieves Academy,North America,Diamond I
FollowmicaO,ADC,INTZ e-Sports,Brazil,Diamond I
FollowJackeyLove,ADC,Top Esports,China,Diamond I
FollowBonnie,Jungle,KT Rolster Academy,Korea,Diamond I
FollowMerit,ADC,DRX Academy,Korea,Diamond I
FollowHuni,Top,Team SoloMid,North America,Diamond I
FollowGorillA,Support,,Korea,Diamond I
FollowIan,Mid,,Korea,Diamond I
FollowImpact,Top,Evil Geniuses,North America,Diamond I
FollowJensen,Mid,Team Liquid,North America,Diamond I
FollowHuhi,Support,100 Thieves,North America,Diamond I
FollowXmithie,Jungle,,North America,Diamond I
FollowLira,None,Afreeca Freecs,Korea,Diamond I
FollowApollo,ADC,,North America,Diamond I
FollowLourlo,Top,Team Dignitas Academy,North America,Diamond I
FollowHauntzer,Top,TSM Academy,North America,Diamond I
FollowOdoamne,Top,Rogue,Europe,Diamond I
FollowFebiven,Mid,Fnatic Rising,Europe,Diamond I
FollowpbO,ADC,Cruzeiro eSports,Brazil,Diamond I
FollowEnvy,Mid,INTZ e-Sports,Brazil,Diamond I
FollowAbsolut,ADC,Flamengo eSports,Brazil,Diamond I
FollowDudsTheBoy,ADC,LOUD,Brazil,Diamond I
Followk1ng,ADC,Cloud9 Academy,North America,Diamond I
FollowRookie,Mid,Invictus Gaming,China,Diamond I
FollowWako,ADC,,PCS,Diamond I
FollowAlex,Jungle,AHQ e-Sports Club,PCS,Diamond I
FollowDuke,Top,,China,Diamond I
FollowBaolan,Support,Invictus Gaming,China,Diamond I
FollowBeryL,Support,DWG KIA,Korea,Diamond I
FollowCeros,Mid,DetonatioN FocusMe,Japan,Diamond I
FollowGriffin,Jungle,,North America,Diamond I
FollowTuesday,Mid,,North America,Diamond I
FollowSpica,Jungle,Team SoloMid,North America,Diamond I
FollowHollow,ADC,,Korea,Diamond I
FollowTolerant,Support,Schalke Evolution,Europe,Diamond I
FollowLoveZrr,Top,,China,Diamond I
FollowLangx,Top,Victory Five,China,Diamond I
FollowKireas,Jungle,SuperMassive eSports,Turkey,Diamond I
FollowShad0w,Jungle,,Europe,Diamond I
FollowLeyan,Jungle,Rare Atom,China,Diamond I
FollowItsCortez,Jungle,Dragon Army,Russia,Diamond I
FollowMaxim,Mid,RoX,Russia,Diamond I
FollowVeritas,ADC,,Korea,Diamond I
FollowYsera,Support,,PCS,Diamond I
FollowApex,Mid,,PCS,Diamond I
FollowMistyStumpey,Top,Columbia College,North America,Diamond I
FollowAgresivoo,Top,Misfits,Europe,Diamond I
FollowEradan,Top,,Brazil,Diamond I
FollowCube,Top,Rare Atom,China,Diamond I
FollowLuana,Top,Galatasaray Esports,Turkey,Diamond I
FollowPride,Top,Fnatic Rising,Europe,Diamond I
FollowEuaaang,Top,,Korea,Diamond I
FollowGone,Mid,DWG KIA Challengers,Korea,Diamond I
Follow57,Jungle,,China,Diamond I
FollowShine,Mid,Hanwha Life Esports Academy,Korea,Diamond I
FollowCrowno,Top,,Europe,Diamond I
FollowArnax,Mid,Dragon Army,Russia,Diamond I
FollowArcher,ADC,,Japan,Diamond I
FollowVins,Mid,Fredit BRION Academy,Korea,Diamond I
FollowKamil,Jungle,Team AURORA,Turkey,Diamond I
FollowPyrka,Support,AGO ROGUE,Europe,Diamond I
FollowRylle,Mid,Astralis Talent,Europe,Diamond I
FollowKronos,None,Astralis Talent,Europe,Diamond I
FollowKazu,Support,DetonatioN FocusMe,Japan,Diamond I
FollowHades,Jungle,UCAM Esports Club,Europe,Diamond I
FollowDan Dan,Top,LDLC OL,Europe,Diamond I
FollowBenji,ADC,,North America,Diamond I
FollowJoker,Support,,Korea,Diamond I
FollowHades,ADC,,Turkey,Diamond I
FollowNeos,ADC,,Turkey,Diamond I
FollowMakNooN,Top,,Korea,Diamond I
FollowEliWood,Support,İstanbul Wildcats Academy,Turkey,Diamond I
FollowLight,ADC,,Korea,Diamond I
FollowOnly35,Support,,Turkey,Diamond I
FollowCanee,Jungle (Sub),SK Gaming,Europe,Diamond I
FollowRiss,Top,Hanwha Life Esports Academy,Korea,Diamond I
FollowAttila,ADC,Vodafone Giants.Spain,Europe,Diamond I
FollowVentair,Top,,Europe,Diamond I
FollowBush,Top,,PCS,Diamond I
FollowNew,Top,Oh My God,China,Diamond I
FollowKira,Top,,Russia,Diamond I
FollowZvene,Top,,Europe,Diamond I
FollowYuuki,Mid,LGD Gaming,China,Diamond I
FollowyoHan,Jungle (Sub),Hanwha Life Esports,Korea,Diamond I
FollowDiamante,Mid (Sub),Misfits Premier,Europe,Diamond I
FollowJorx,Jungle,,Europe,Diamond I
FollowValhalla,ADC,,Russia,Diamond I
FollowMinggu,Top,Fredit BRION Academy,Korea,Diamond I
FollowSwifte,Support,,North America,Diamond I
FollowMilica,Mid,Team Vitality,Europe,Diamond I
FollowYellOwStaR,Support,LDLC OL,Europe,Diamond I
FollowMountain,None,,PCS,Diamond I
FollowAnechek,Jungle,,Russia,Diamond I
FollowFlame,Top,,Korea,Diamond I
FollowRhioni,ADC,Team AURORA,Turkey,Diamond I
Followpromisq,Support,Astralis,Europe,Diamond I
FollowDan,Jungle,exceL Esports,Europe,Diamond I
FollowGIDEON,Jungle,KT Rolster,Korea,Diamond I
FollowSnow,ADC,Invictus Gaming,China,Diamond I
FollowBluff,Jungle,OZ Gaming,Korea,Diamond I
FollowSpace,ADC,,Korea,Diamond I
FollowAlex Ich,Mid,,North America,Diamond I
FollowEdge,Mid,,Korea,Diamond I
FollowSnowFlower,Support,,Korea,Diamond I
FollowCharger,Top,,Russia,Diamond I
FollowNugget,Support,Winners,Korea,Diamond I
FollowKamikaze,Mid,Astralis SB,Europe,Diamond I
FollowMaRin,Top,,Korea,Diamond I
FollowBroCColi,Jungle,5 Ronin,Turkey,Diamond I
FollowAres,None,DWG KIA,Korea,Diamond I
FollowTardis,Top,5 Ronin Academy,Turkey,Diamond I
FollowLele,Sub,Royal Never Give Up,China,Diamond I
FollowNoah,ADC,KT Rolster Academy,Korea,Diamond I
FollowNandisko,Top,,Europe,Diamond I
FollowHai,Mid,,North America,Diamond I
FollowFocus,ADC,NASR eSports Turkey,Turkey,Diamond I
FollowNL,ADC,,PCS,Diamond I
FollowSlay,ADC,GAM Esports,Vietnam,Diamond I
FollowMimic,Top,,Oceania,Diamond I
FollowGuGer,Support,,Korea,Diamond I
FollowZeros,Top,,Vietnam,Diamond I
FollowDantal,Jungle,DRX Academy,Korea,Diamond I
FollowLava,Mid,Fredit BRION,Korea,Diamond I
FollowMadlife,None,Hanwha Life Esports,Korea,Diamond I
FollowMadly,Top,,Turkey,Diamond I
FollowKane,ADC,,China,Diamond I
FollowDamonte,Mid,100 Thieves,North America,Diamond I
FollowLevi,Jungle,GAM Esports,Vietnam,Diamond I
FollowLicorice,Top,FlyQuest,North America,Diamond I
FollowZeyzal,Support,,North America,Diamond I
FollowCrash,Jungle,Sengoku Gaming,Japan,Diamond I
FollowHana,Jungle,J Team,PCS,Diamond I
FollowGango,ADC,Sengoku Gaming,Japan,Diamond I
FollowLilv,ADC,J Team,PCS,Diamond I
FollowHieu3,Support,GAM Esports,Vietnam,Diamond I
FollowPawN,Mid,,Korea,Diamond I
FollowRhilech,Jungle,Team AURORA Academy,Turkey,Diamond I
FollowReven,None,,Brazil,Diamond I
FollowCoco,None,,Korea,Diamond I
FollowCandy,Mid,,PCS,Diamond I
FollowFoxYa,Jungle,,PCS,Diamond I
FollowAzuzabi,Top,Galakticos Academy,Turkey,Diamond I
FollowHustlinbeasT,Support,Team Vitality.Bee,Europe,Diamond I
FollowWolf,Support,T1,Korea,Diamond I
FollowFalco,Support,,Europe,Diamond I
FollowSatorius,Top,mousesports,Europe,Diamond I
FollowRather,None,LNG Esports,China,Diamond I
FollowLenom,Top,1907 Fenerbahçe Esports,Turkey,Diamond I
FollowHachani,None,,Korea,Diamond I
FollowJosedeodo,Jungle,FlyQuest,North America,Diamond I
FollowFelix,Jungle,Gen.G Academy,Korea,Diamond I
FollowShellkunchik,Top,,Russia,Diamond I
FollowPout,Mid,Fredit BRION Academy,Korea,Diamond I
FollowGBM,None,T1,Korea,Diamond I
FollowCaD,Jungle,Hanwha Life Esports Academy,Korea,Diamond I
FollowSeongHwan,Jungle,,Brazil,Diamond I
FollowRamune,Mid,Sengoku Gaming,Japan,Diamond I
FollowRakin,Mid (Sub),Team Liquid Academy,North America,Diamond I
FollowTaikki,Jungle,,Turkey,Diamond I
FollowDiscotEkka,Mid,,Russia,Diamond I
FollowPaladin,Top,,Korea,Diamond I
FollowNano,Support,,Brazil,Diamond I
FollowConus,Support,DRX Academy,Korea,Diamond I
FollowInori,Jungle,,North America,Diamond II
FollowXpecial,Support,,North America,Diamond II
FollowLies,Top,,China,Diamond II
Followloulex,Jungle,,North America,Diamond II
FollowGgoong,None,Gen.G,Korea,Diamond II
FollowWeiLun,ADC (Sub),,PCS,Diamond II
FollowDeul,ADC,,Korea,Diamond II
FollowTusiN,Support,,Korea,Diamond II